,x1,x2,x3,x4,x5,x6,x7,x8,x9,x10,x12,x13,x14,x15,x16,label
0,0.5,0.5,0.0,0.0,0.0,1.0,1.0,0.0,1.0,1.0,0.0,0.0,0.08566044200788077,0.15217391304347805,0.0,0
1,0.5,0.33333333333333337,1.0,0.0,0.0,1.0,1.0,0.0,1.0,1.0,0.0011642723320088894,0.0,0.07499571697789961,0.652173913043478,0.8805970149253731,1
2,0.5,0.5,1.0,1.0,0.0,1.0,1.0,0.0,1.0,1.0,0.004222897533174447,0.18582692350484725,0.19701901661812576,0.6956521739130435,0.8955223880597015,0
3,0.5,0.33333333333333337,1.0,0.0,0.0,1.0,1.0,0.0,1.0,1.0,0.015550449473838893,0.520408844450708,0.7296556450231283,0.9130434782608696,0.9701492537313433,1
4,0.5,0.5,1.0,1.0,0.0,1.0,1.0,0.0,1.0,1.0,0.015694293514096604,0.4862593551354038,0.00926560447718577,0.5217391304347827,0.835820895522388,1
5,0.5,0.6666666666666666,0.0,1.0,0.0,1.0,1.0,0.0,1.0,1.0,0.016866988147384066,0.4231451056601815,0.07553823311061619,0.19565217391304346,0.0,0
6,0.5,0.5,1.0,0.0,0.0,1.0,1.0,0.0,1.0,1.0,0.018377904668858386,0.09462316142383494,0.0973245388612872,0.4565217391304346,0.8134328358208955,1
7,0.5,0.6666666666666666,0.0,1.0,0.0,1.0,1.0,0.0,1.0,1.0,0.022257260965670034,0.21963521462108457,0.24988578607732284,0.3695652173913042,0.0,0
8,0.5,0.5,1.0,0.0,0.0,1.0,1.0,0.0,1.0,1.0,0.029901385934003287,0.4362070628027207,0.49239049740163326,0.8695652173913042,0.9552238805970149,1
9,0.5,0.6666666666666666,1.0,1.0,0.0,1.0,1.0,0.0,1.0,1.0,0.03460790087217362,0.5431504461537321,0.3031665810062247,0.4782608695652173,0.8208955223880597,1
10,0.6666666666666666,0.5,1.0,1.0,0.0,0.0,0.0,0.0,0.0,0.0,0.03589008542208251,0.45623391361751686,0.08259094283593171,0.5217391304347827,0.835820895522388,0
11,0.6666666666666666,0.33333333333333337,1.0,0.0,0.0,0.0,0.0,0.0,0.0,0.0,0.04026613585482257,0.34686505611226903,0.2818799611672663,0.9130434782608696,0.9701492537313433,1
12,0.6666666666666666,0.5,1.0,1.0,0.0,0.0,0.0,0.0,0.0,0.0,0.046031644359019644,0.3823051647023046,0.3713808463251671,0.6956521739130435,0.8955223880597015,1
13,0.6666666666666666,0.6666666666666666,1.0,1.0,0.0,0.0,0.0,0.0,0.0,0.0,0.04839587298371769,0.4185166779163175,0.15228998914967734,0.8695652173913042,0.9552238805970149,0
14,0.6666666666666666,0.5,1.0,0.0,0.0,0.0,0.0,0.0,0.0,0.0,0.04914922566913521,0.29728005696526455,0.04852664039746445,0.9130434782608696,0.9701492537313433,0
15,0.6666666666666666,0.33333333333333337,0.0,0.0,0.0,0.0,0.0,0.0,0.0,0.0,0.05032391505798865,0.14364444180716368,0.075666723773628,0.19565217391304346,0.0,1
16,0.6666666666666666,0.5,1.0,1.0,0.0,0.0,0.0,0.0,0.0,0.0,0.0514864142739389,0.1034275584301916,0.07488150305522244,0.7826086956521738,0.9253731343283582,0
17,0.6666666666666666,0.33333333333333337,1.0,0.0,0.0,0.0,0.0,0.0,0.0,0.0,0.05485400494832364,0.1909152270822362,0.2169207926446234,0.6086956521739131,0.8656716417910447,0
18,0.5,0.5,1.0,0.0,0.0,1.0,1.0,0.0,0.0,0.0,0.05505325886541407,0.1582714602541185,0.012834789560847468,0.8260869565217388,0.9402985074626865,1
19,0.5,0.6666666666666666,1.0,1.0,0.0,1.0,1.0,0.0,0.0,0.0,0.05906227427401426,0.2535325139631654,0.2582376791730912,0.8478260869565215,0.9477611940298507,1
20,0.5,0.8333333333333333,1.0,1.0,0.0,1.0,1.0,0.0,0.0,0.0,0.06067758300344141,0.19489092783658093,0.10404888355890583,0.5652173913043477,0.8507462686567164,0
21,0.5,0.6666666666666666,1.0,0.0,0.0,1.0,1.0,0.0,0.0,0.0,0.0700232344695535,0.5009827991603558,0.6019930329507167,0.8478260869565215,0.9477611940298507,1
22,0.5,0.8333333333333333,0.0,1.0,0.0,1.0,1.0,0.0,0.0,0.0,0.07086147508627873,0.3948701592505507,0.053994631945634176,0.3260869565217388,0.0,1
23,0.6666666666666666,0.5,0.0,1.0,0.0,0.0,0.0,0.0,1.0,0.0,0.07365435451815461,0.4342785512427773,0.17990120495688428,0.4130434782608696,0.0,0
24,0.6666666666666666,0.33333333333333337,1.0,0.0,0.0,0.0,0.0,0.0,1.0,0.0,0.07696232416506736,0.23222246122579165,0.21308034949460342,0.5,0.8283582089552238,0
25,0.6666666666666666,0.16666666666666669,1.0,0.0,0.0,0.0,0.0,0.0,1.0,0.0,0.07716246464018711,0.21086790437549607,0.012891896522186055,0.8043478260869565,0.9328358208955224,0
26,0.6666666666666666,0.0,1.0,0.0,0.0,0.0,0.0,0.0,1.0,0.0,0.08160123905350179,0.2659491614683391,0.28592027868197134,0.8260869565217388,0.9402985074626865,0
27,0.5,0.5,1.0,0.0,0.0,0.0,1.0,0.0,1.0,1.0,0.0850038487700448,0.26911637083793827,0.2191765176174976,0.6086956521739131,0.8656716417910447,1
28,0.5,0.6666666666666666,1.0,1.0,0.0,0.0,1.0,0.0,1.0,1.0,0.08595357405895744,0.2942018558215089,0.06117583233396152,0.8913043478260869,0.9626865671641791,1
29,0.5,0.8333333333333333,1.0,1.0,0.0,0.0,1.0,0.0,1.0,1.0,0.08860748551973689,0.234469918928341,0.1709496887670607,0.4782608695652173,0.8208955223880597,1
30,0.5,1.0,0.0,1.0,0.0,0.0,1.0,0.0,1.0,1.0,0.08985066151635555,0.16220265689554145,0.08007823653703387,0.543478260869565,0.0,0
31,0.5,0.8333333333333333,0.0,0.0,0.0,0.0,1.0,0.0,1.0,1.0,0.09173858683979962,0.1936003085618496,0.1216092741705214,0.3478260869565215,0.0,0
32,0.5,0.6666666666666666,1.0,0.0,0.0,0.0,1.0,0.0,1.0,1.0,0.0937020912352435,0.17049525660329776,0.12647764262463596,0.5,0.8283582089552238,0
33,0.5,0.5,0.0,0.0,0.0,0.0,1.0,0.0,1.0,1.0,0.10052459854990134,0.35721226236658044,0.4394666209810976,0.19565217391304346,0.0,1
34,0.5,0.6666666666666666,1.0,1.0,0.0,0.0,1.0,0.0,1.0,1.0,0.10203706654792698,0.3446472678183342,0.09742447604362972,0.5652173913043477,0.8507462686567164,1
35,0.6666666666666666,0.5,1.0,1.0,0.0,0.0,0.0,0.0,0.0,0.0,0.1037678494606735,0.3368590480570246,0.11148706527325682,0.4782608695652173,0.8208955223880597,0
36,0.6666666666666666,0.33333333333333337,0.0,0.0,0.0,0.0,0.0,0.0,0.0,0.0,0.11021622928695687,0.3243385576217003,0.41536748329621387,0.04347826086956519,0.0,1
37,0.6666666666666666,0.5,1.0,1.0,0.0,0.0,0.0,0.0,0.0,0.0,0.11172670252941654,0.32427180145231754,0.09729598538061791,0.8043478260869565,0.9328358208955224,0
38,0.6666666666666666,0.33333333333333337,1.0,0.0,0.0,0.0,0.0,0.0,0.0,0.0,0.11232025313004852,0.28621336755205123,0.03823311061618411,0.8478260869565215,0.9477611940298507,0
39,0.6666666666666666,0.16666666666666669,0.0,0.0,0.0,0.0,0.0,0.0,0.0,0.0,0.11343798116551795,0.1078186309051395,0.07199760150762378,0.5,0.0,0
40,0.5,0.5,0.0,0.0,0.0,0.0,1.0,0.0,0.0,0.0,0.12102536641997451,0.3111875922533174,0.4887356518759637,0.4130434782608696,0.0,1
41,0.5,0.6666666666666666,1.0,1.0,0.0,0.0,1.0,0.0,0.0,0.0,0.12321339163634452,0.36454802364651867,0.14093998058363316,0.6956521739130435,0.8955223880597015,1
42,0.5,0.8333333333333333,1.0,1.0,0.0,0.0,1.0,0.0,0.0,0.0,0.12460462282386021,0.37370103620409584,0.08961509908057792,0.5869565217391304,0.8582089552238806,1
43,0.5,1.0,0.0,1.0,0.0,0.0,1.0,0.0,0.0,0.0,0.12861097855837242,0.25385887745792507,0.2580663582890755,0.3478260869565215,0.0,0
44,0.5,0.8333333333333333,0.0,0.0,0.0,0.0,1.0,0.0,0.0,0.0,0.13564293520745788,0.4159651087754693,0.45295814059733885,0.28260869565217384,0.0,1
45,0.6666666666666666,0.5,1.0,1.0,0.0,0.0,1.0,0.0,0.0,0.0,0.13694595387105588,0.4130130026183253,0.0839329564273885,0.9565217391304346,0.9850746268656716,0
46,0.6666666666666666,0.33333333333333337,0.0,0.0,0.0,0.0,1.0,0.0,0.0,0.0,0.13715185697336624,0.28582766524006264,0.013263091770886873,0.9565217391304346,0.0,1
47,0.6666666666666666,0.5,1.0,1.0,0.0,0.0,1.0,0.0,0.0,0.0,0.1374681365503273,0.061081894985128206,0.020372908457540976,0.9130434782608696,0.9701492537313433,0
48,0.6666666666666666,0.33333333333333337,0.0,0.0,0.0,0.0,1.0,0.0,0.0,0.0,0.1414217420820948,0.14978600939036785,0.25466849408942954,0.28260869565217384,0.0,1
49,0.6666666666666666,0.5,0.0,1.0,0.0,0.0,1.0,0.0,0.0,0.0,0.15511485248450124,0.6011467226429509,0.8820312946148136,0.3913043478260869,0.0,1
50,0.6666666666666666,0.6666666666666666,0.0,1.0,0.0,0.0,1.0,0.0,0.0,0.0,0.16169244814355851,0.8106869209829475,0.4236908229113129,0.3913043478260869,0.0,1
51,0.8333333333333333,0.5,1.0,1.0,0.0,0.0,1.0,0.0,1.0,0.5,0.16243294573755085,0.7031575668117995,0.04769858945805494,0.5869565217391304,0.8582089552238806,1
52,0.8333333333333333,0.6666666666666666,0.0,1.0,0.0,0.0,1.0,0.0,1.0,0.5,0.16365816893407573,0.2859092561137525,0.07892182056992747,0.26086956521739113,0.0,0
53,0.8333333333333333,0.5,1.0,0.0,0.0,0.0,1.0,0.0,1.0,0.5,0.16459503913156318,0.09713764380391489,0.060347781394552005,0.7391304347826084,0.9104477611940298,1
54,0.8333333333333333,0.6666666666666666,1.0,1.0,0.0,0.0,1.0,0.0,1.0,0.5,0.16717802594999676,0.1587980922570261,0.16638113185997375,0.5869565217391304,0.8582089552238806,0
55,0.8333333333333333,0.5,1.0,0.0,0.0,0.0,1.0,0.0,1.0,0.5,0.16969141796312845,0.20190774297391317,0.16189823539489465,0.8913043478260869,0.9626865671641791,1
56,0.8333333333333333,0.6666666666666666,1.0,1.0,0.0,0.0,1.0,0.0,1.0,0.5,0.1717524437417979,0.2395285530971154,0.13275940837188052,0.543478260869565,0.8432835820895522,0
57,0.8333333333333333,0.5,1.0,0.0,0.0,0.0,1.0,0.0,1.0,0.5,0.17871813017819146,0.3861992745829594,0.44868939523727946,0.5652173913043477,0.8507462686567164,1
58,0.8333333333333333,0.6666666666666666,0.0,1.0,0.0,0.0,1.0,0.0,1.0,0.5,0.18237828500225292,0.42457665462583166,0.23576608988635714,0.0,0.0,0
59,0.8333333333333333,0.5,1.0,0.0,0.0,0.0,1.0,0.0,1.0,0.5,0.1872282007016663,0.5179091967749353,0.3124036320027412,0.7608695652173911,0.917910447761194,0
60,0.8333333333333333,0.33333333333333337,1.0,0.0,0.0,0.0,1.0,0.0,1.0,0.5,0.19137396768628961,0.4235382253243237,0.2670464279595683,0.7173913043478262,0.9029850746268656,1
61,0.8333333333333333,0.5,1.0,1.0,0.0,0.0,1.0,0.0,1.0,0.5,0.19184140540725036,0.3166912675513096,0.03010964536577009,0.9130434782608696,0.9701492537313433,1
62,0.8333333333333333,0.6666666666666666,1.0,1.0,0.0,0.0,1.0,0.0,1.0,0.5,0.19551884811288361,0.27745347465861636,0.2368796756324596,0.9565217391304346,0.9850746268656716,1
63,0.5,0.5,1.0,1.0,1.0,0.0,0.0,0.0,0.0,0.0,0.1958781257542669,0.15073543046603224,0.023142596082462455,0.7608695652173911,0.917910447761194,0
64,0.5,0.33333333333333337,1.0,0.0,1.0,0.0,0.0,0.0,0.0,0.0,0.19607671475283533,0.14173818230368124,0.012791959339843529,0.6304347826086953,0.8731343283582089,0
65,0.5,0.16666666666666669,1.0,0.0,1.0,0.0,0.0,0.0,0.0,0.0,0.19687882812986565,0.045512872814662625,0.05166752327108675,0.7608695652173911,0.917910447761194,0
66,0.5,0.0,1.0,0.0,1.0,0.0,0.0,0.0,0.0,0.0,0.19894672473326236,0.10269324056698241,0.13320198732225458,0.7391304347826084,0.9104477611940298,0
67,0.33333333333333337,0.5,1.0,0.0,1.0,1.0,1.0,0.0,1.0,0.0,0.19913002060582496,0.10218144326838205,0.011806864256752899,0.8478260869565215,0.9477611940298507,1
68,0.33333333333333337,0.6666666666666666,0.0,1.0,1.0,1.0,1.0,0.0,1.0,0.0,0.1997404158090141,0.09576543365549367,0.03931814288161727,0.30434782608695654,0.0,1
69,0.33333333333333337,0.8333333333333333,0.0,1.0,1.0,1.0,1.0,0.0,1.0,0.0,0.2004749291363085,0.05114264309926642,0.04731311746901948,0.5,0.0,0
70,0.33333333333333337,0.6666666666666666,1.0,0.0,1.0,1.0,1.0,0.0,1.0,0.0,0.2083386988564066,0.3081761472789443,0.5065387470732682,0.652173913043478,0.8805970149253731,0
71,0.33333333333333337,0.5,1.0,0.0,1.0,1.0,1.0,0.0,1.0,0.0,0.20852132981044724,0.2938606576224419,0.011764034035748957,0.8260869565217388,0.9402985074626865,1
72,0.33333333333333337,0.6666666666666666,0.0,1.0,1.0,1.0,1.0,0.0,1.0,0.0,0.21110874941902744,0.35586972162677366,0.16666666666666666,0.19565217391304346,0.0,0
73,0.33333333333333337,0.5,0.0,0.0,1.0,1.0,1.0,0.0,1.0,0.0,0.21276971588696472,0.1482877042553349,0.10698989206784307,0.3695652173913042,0.0,0
74,0.33333333333333337,0.33333333333333337,1.0,0.0,1.0,1.0,1.0,0.0,1.0,0.0,0.21459491722983418,0.20325770106587351,0.11756895665581635,0.8913043478260869,0.9626865671641791,0
75,0.16666666666666669,0.5,1.0,0.0,1.0,0.0,0.0,0.0,1.0,0.0,0.21639573822689723,0.17693351827264703,0.1159985152190052,0.8260869565217388,0.9402985074626865,0
76,0.16666666666666669,0.33333333333333337,1.0,0.0,1.0,0.0,0.0,0.0,1.0,0.0,0.21854830112209434,0.19338520534939438,0.13865570213008965,0.8695652173913042,0.9552238805970149,0
77,0.16666666666666669,0.16666666666666669,1.0,0.0,1.0,0.0,0.0,0.0,1.0,0.0,0.2209393481271794,0.21232170539760717,0.1540174747301696,0.4347826086956519,0.8059701492537313,0
78,0.16666666666666669,0.0,0.0,0.0,1.0,0.0,0.0,0.0,1.0,0.0,0.22826320400741962,0.39715470371386824,0.47176060761806865,0.28260869565217384,0.0,0
79,0.0,0.5,0.0,0.0,1.0,1.0,1.0,0.0,0.0,0.0,0.24043653230805848,0.7325080292837063,0.7841356861401405,0.3913043478260869,0.0,0
80,0.0,0.33333333333333337,1.0,0.0,1.0,1.0,1.0,0.0,0.0,0.0,0.24176925066563879,0.6970901727501316,0.08584603963223117,0.5,0.8283582089552238,1
81,0.0,0.5,1.0,1.0,1.0,1.0,1.0,0.0,0.0,0.0,0.24193791833071757,0.45763579317455255,0.01086459939466621,0.4782608695652173,0.8208955223880597,1
82,0.0,0.6666666666666666,1.0,1.0,1.0,1.0,1.0,0.0,0.0,0.0,0.25475843399276255,0.47929446146314686,0.8258237679173092,0.6739130434782608,0.8880597014925373,0
83,0.0,0.5,0.0,0.0,1.0,1.0,1.0,0.0,0.0,0.0,0.25763464987939483,0.5309489018610137,0.18526925932271146,0.15217391304347805,0.0,0
84,0.0,0.33333333333333337,0.0,0.0,1.0,1.0,1.0,0.0,0.0,0.0,0.259722272398944,0.5951683368071266,0.13447261721203815,0.15217391304347805,0.0,1
85,0.0,0.5,1.0,1.0,1.0,1.0,1.0,0.0,0.0,0.0,0.26289304719081896,0.27223165874246213,0.20424304722745704,0.30434782608695654,0.7611940298507462,1
86,0.0,0.6666666666666666,0.0,1.0,1.0,1.0,1.0,0.0,0.0,0.0,0.27325247776346234,0.522663719505411,0.6672948432413912,0.6956521739130435,0.0,1
87,0.16666666666666669,0.5,1.0,1.0,1.0,0.0,1.0,0.0,0.0,0.0,0.28016740875267715,0.6842136494114331,0.4454200217006454,0.543478260869565,0.8432835820895522,0
88,0.16666666666666669,0.33333333333333337,1.0,0.0,1.0,0.0,1.0,0.0,0.0,0.0,0.28266595091881763,0.6617168203294789,0.1609416937924733,0.8695652173913042,0.9552238805970149,0
89,0.16666666666666669,0.16666666666666669,0.0,0.0,1.0,0.0,1.0,0.0,0.0,0.0,0.2876455257300196,0.4816754315044615,0.3207555250985095,0.5,0.0,1
90,0.16666666666666669,0.33333333333333337,1.0,1.0,1.0,0.0,1.0,0.0,0.0,0.0,0.2957772576144807,0.5223966948278804,0.5237993261378562,0.9347826086956519,0.9776119402985074,1
91,0.16666666666666669,0.5,1.0,1.0,1.0,0.0,1.0,0.0,0.0,0.0,0.3046049375519606,0.7342066029268872,0.5686282907886472,1.0,1.0,1
92,0.16666666666666669,0.6666666666666666,1.0,1.0,1.0,0.0,1.0,0.0,0.0,0.0,0.3114276665061258,0.7958893034364593,0.4394808977214323,0.7608695652173911,0.917910447761194,0
93,0.16666666666666669,0.5,0.0,0.0,1.0,0.0,1.0,0.0,0.0,0.0,0.3202717477671482,0.8197286732582202,0.569684769573411,0.4130434782608696,0.0,1
94,0.16666666666666669,0.6666666666666666,1.0,1.0,1.0,0.0,1.0,0.0,0.0,0.0,0.3262473705242949,0.7242821857453327,0.3849151961624122,0.652173913043478,0.8805970149253731,0
95,0.16666666666666669,0.5,1.0,0.0,1.0,0.0,1.0,0.0,0.0,0.0,0.3276239735043267,0.5420230086263806,0.08867283421849124,0.9347826086956519,0.9776119402985074,0
96,0.16666666666666669,0.33333333333333337,1.0,0.0,1.0,0.0,1.0,0.0,0.0,0.0,0.3321961749010545,0.3990609632173507,0.2945148763634287,0.8913043478260869,0.9626865671641791,0
97,0.0,0.5,0.0,0.0,1.0,0.0,1.0,0.0,1.0,1.0,0.33360735364422994,0.2463080129655316,0.09090000571069613,0.5869565217391304,0.0,0
98,0.0,0.33333333333333337,1.0,0.0,1.0,0.0,1.0,0.0,1.0,1.0,0.3346526055608022,0.23521907149585744,0.06732910741819428,0.4565217391304346,0.8134328358208955,1
99,0.0,0.5,0.0,1.0,1.0,0.0,1.0,0.0,1.0,1.0,0.3358953382784062,0.12379560744405464,0.08004968305636458,0.06521739130434767,0.0,0
100,0.0,0.33333333333333337,1.0,0.0,1.0,0.0,1.0,0.0,1.0,1.0,0.3364662816492904,0.09567642542965013,0.03677688310205014,0.8260869565217388,0.9402985074626865,1
101,0.0,0.5,1.0,1.0,1.0,0.0,1.0,0.0,1.0,1.0,0.3392039728438409,0.15231532647475504,0.17634629661355722,0.4347826086956519,0.8059701492537313,1
102,0.0,0.6666666666666666,1.0,1.0,1.0,0.0,1.0,0.0,1.0,1.0,0.34571574156922097,0.3286480392229582,0.4194506310319228,0.19565217391304346,0.7238805970149254,0
103,0.0,0.5,1.0,0.0,1.0,0.0,1.0,0.0,1.0,1.0,0.34741682478798513,0.36646911785430836,0.10957398206841415,0.8478260869565215,0.9477611940298507,1
104,0.0,0.6666666666666666,0.0,1.0,1.0,0.0,1.0,0.0,1.0,1.0,0.34758305441848325,0.28041299816791404,0.010707555250985096,0.7173913043478262,0.0,1
105,0.16666666666666669,0.5,1.0,1.0,1.0,0.0,0.0,0.0,1.0,0.0,0.35154020618236803,0.19492059724519542,0.25489692193478386,0.652173913043478,0.8805970149253731,1
106,0.16666666666666669,0.6666666666666666,1.0,1.0,1.0,0.0,0.0,0.0,1.0,0.0,0.355391635901256,0.26688374783969615,0.24808691679515732,0.8695652173913042,0.9552238805970149,0
107,0.16666666666666669,0.5,1.0,0.0,1.0,0.0,0.0,0.0,1.0,0.0,0.3585947700612013,0.3685163070487097,0.20632745131631547,0.9565217391304346,0.9850746268656716,0
108,0.16666666666666669,0.33333333333333337,1.0,0.0,1.0,0.0,0.0,0.0,1.0,0.0,0.36150423187393316,0.3334544834185093,0.1874107703729085,0.8043478260869565,0.9328358208955224,0
109,0.16666666666666669,0.16666666666666669,1.0,0.0,1.0,0.0,0.0,0.0,1.0,0.0,0.37043586074035123,0.5034676121318212,0.5753240820055966,0.4347826086956519,0.8059701492537313,1
110,0.16666666666666669,0.33333333333333337,0.0,1.0,1.0,0.0,0.0,0.0,1.0,0.0,0.38153445906994293,0.7676959479005185,0.7149077722574383,0.21739130434782616,0.0,1
111,0.16666666666666669,0.5,0.0,1.0,1.0,0.0,0.0,0.0,1.0,0.0,0.3888800356219016,0.916154251255387,0.4731597281708641,0.5869565217391304,0.0,1
112,0.16666666666666669,0.6666666666666666,1.0,1.0,1.0,0.0,0.0,0.0,1.0,0.0,0.39141470502773706,0.70207463339737,0.16326880246702075,0.6956521739130435,0.8955223880597015,0
113,0.16666666666666669,0.5,1.0,0.0,1.0,0.0,0.0,0.0,1.0,0.0,0.39862618967776053,0.5719891113270386,0.46452230026840274,0.9130434782608696,0.9701492537313433,0
114,0.16666666666666669,0.33333333333333337,1.0,0.0,1.0,0.0,0.0,0.0,1.0,0.0,0.40198646624840334,0.4386177022526499,0.21644966021358003,0.7826086956521738,0.9253731343283582,1
115,0.16666666666666669,0.5,0.0,1.0,1.0,0.0,0.0,0.0,1.0,0.0,0.407756407542747,0.5468887916391606,0.37166638113186,0.543478260869565,0.0,1
116,0.16666666666666669,0.6666666666666666,1.0,1.0,1.0,0.0,0.0,0.0,1.0,0.0,0.4099360104578385,0.37849264569533975,0.14039746445091658,0.9130434782608696,0.9701492537313433,1
117,0.33333333333333337,0.5,1.0,1.0,1.0,0.0,1.0,0.0,0.0,0.0,0.41046528560134454,0.2837508066370467,0.03409285591913654,0.4565217391304346,0.8134328358208955,1
118,0.33333333333333337,0.6666666666666666,0.0,1.0,1.0,0.0,1.0,0.0,0.0,0.0,0.41116500152598795,0.11407145877064806,0.04507166923647993,0.06521739130434767,0.0,1
119,0.33333333333333337,0.8333333333333333,0.0,1.0,1.0,0.0,1.0,0.0,0.0,0.0,0.4132000954822997,0.10923534516648248,0.13108902975272688,0.26086956521739113,0.0,1
120,0.33333333333333337,1.0,1.0,1.0,1.0,0.0,1.0,0.0,0.0,0.0,0.4152715383178137,0.16084528145142749,0.13343041516760895,0.543478260869565,0.8432835820895522,1
121,0.5,0.5,1.0,1.0,1.0,0.0,0.0,0.0,0.0,0.0,0.4171856171031228,0.20148495390115637,0.1232939295300097,0.9130434782608696,0.9701492537313433,1
122,0.5,0.6666666666666666,1.0,1.0,1.0,0.0,0.0,0.0,0.0,0.0,0.41752849342096365,0.14485347020820508,0.02208611729769859,0.8043478260869565,0.9328358208955224,0
123,0.5,0.5,0.0,0.0,1.0,0.0,0.0,0.0,0.0,0.0,0.41843211769235145,0.1057714417107381,0.05820627034435498,0.3913043478260869,0.0,0
124,0.5,0.33333333333333337,1.0,0.0,1.0,0.0,0.0,0.0,0.0,0.0,0.4201456127235262,0.09905873801170459,0.11037347952715436,0.7608695652173911,0.917910447761194,0
125,0.5,0.16666666666666669,1.0,0.0,1.0,0.0,0.0,0.0,0.0,0.0,0.4268739232475684,0.31275265355773296,0.43339900633887274,0.8260869565217388,0.9402985074626865,0
126,0.33333333333333337,0.5,1.0,0.0,1.0,0.0,0.0,0.0,0.0,0.0,0.42809670840951264,0.32343364065895763,0.07876477642624637,0.8478260869565215,0.9477611940298507,1
127,0.33333333333333337,0.6666666666666666,0.0,1.0,1.0,0.0,0.0,0.0,0.0,0.0,0.4321369749886465,0.4013010035677464,0.2602506995602764,0.6739130434782608,0.0,0
128,0.33333333333333337,0.5,0.0,0.0,1.0,0.0,0.0,0.0,0.0,0.0,0.43276421479439275,0.197123550834823,0.04040317514705043,0.06521739130434767,0.0,1
129,0.33333333333333337,0.6666666666666666,1.0,1.0,1.0,0.0,0.0,0.0,0.0,0.0,0.43990987251073893,0.3953374524362293,0.4602821083890127,0.5869565217391304,0.8582089552238806,1
130,0.33333333333333337,0.8333333333333333,1.0,1.0,1.0,0.0,0.0,0.0,0.0,0.0,0.44200813372664,0.33034661286613903,0.13515790074810122,0.5652173913043477,0.8507462686567164,0
131,0.33333333333333337,0.6666666666666666,1.0,0.0,1.0,0.0,0.0,0.0,0.0,0.0,0.4462062076349934,0.44984757341324294,0.2704157386785449,0.6739130434782608,0.8880597014925373,1
132,0.5,0.5,1.0,1.0,1.0,0.0,0.0,0.0,0.0,0.0,0.446447129779462,0.2187748017712637,0.015518816743761064,0.5,0.8283582089552238,0
133,0.5,0.33333333333333337,1.0,0.0,1.0,0.0,0.0,0.0,0.0,0.0,0.4480597788348012,0.2025233832026643,0.10387756267489007,0.9565217391304346,0.9850746268656716,0
134,0.5,0.16666666666666669,0.0,0.0,1.0,0.0,0.0,0.0,0.0,0.0,0.4504858448820445,0.14322165273440687,0.15627319970304382,0.3695652173913042,0.0,1
135,0.5,0.33333333333333337,1.0,1.0,1.0,0.0,0.0,0.0,0.0,0.0,0.45688125286607584,0.34918668733635466,0.41195534235623327,0.9565217391304346,0.9850746268656716,0
136,0.5,0.16666666666666669,0.0,0.0,1.0,0.0,0.0,0.0,0.0,0.0,0.45792583986412605,0.33017601376660566,0.06728627719719034,0.26086956521739113,0.0,0
137,0.33333333333333337,0.5,1.0,0.0,1.0,1.0,1.0,0.0,0.0,0.0,0.4595489059763098,0.30330294691401066,0.10454856947061848,0.8913043478260869,0.9626865671641791,1
138,0.33333333333333337,0.6666666666666666,0.0,1.0,1.0,1.0,1.0,0.0,0.0,0.0,0.4599622636574818,0.1031086122875856,0.02662612072411627,0.21739130434782616,0.0,1
139,0.33333333333333337,0.8333333333333333,0.0,1.0,1.0,1.0,1.0,0.0,0.0,0.0,0.4603933524992402,0.08257738152634274,0.027768259950888014,0.7391304347826084,0.0,1
140,0.33333333333333337,1.0,1.0,1.0,1.0,1.0,1.0,0.0,0.0,0.0,0.4645701490148899,0.1680401130404468,0.26904517160641883,0.8913043478260869,0.9626865671641791,1
141,0.5,0.5,1.0,1.0,1.0,0.0,1.0,0.0,1.0,1.0,0.4798187254797442,0.6645131620913967,0.9822254582833649,0.8695652173913042,0.9552238805970149,0
142,0.5,0.33333333333333337,1.0,0.0,1.0,0.0,1.0,0.0,1.0,1.0,0.48111997102728354,0.6936336866465409,0.08381874250471133,0.8478260869565215,0.9477611940298507,1
143,0.5,0.5,0.0,1.0,1.0,0.0,1.0,0.0,1.0,1.0,0.49246458921001257,0.9335108552948769,0.7307549540288962,0.26086956521739113,0.0,1
144,0.5,0.6666666666666666,1.0,1.0,1.0,0.0,1.0,0.0,1.0,1.0,0.4945198523614913,0.49198555099800484,0.13238821312317972,0.8695652173913042,0.9552238805970149,0
145,0.5,0.5,1.0,0.0,1.0,0.0,1.0,0.0,1.0,1.0,0.49561652464376427,0.48513933496020595,0.07064131117583235,0.9130434782608696,0.9701492537313433,0
146,0.5,0.33333333333333337,1.0,0.0,1.0,0.0,1.0,0.0,1.0,1.0,0.5009360944592117,0.283506034015977,0.34265604477185774,0.6739130434782608,0.8880597014925373,1
147,0.5,0.5,1.0,1.0,1.0,0.0,1.0,0.0,1.0,1.0,0.5020243444402062,0.2511441265696972,0.07009879504311577,0.5,0.8283582089552238,1
148,0.5,0.6666666666666666,1.0,1.0,1.0,0.0,1.0,0.0,1.0,1.0,0.5042675578939015,0.28951408926041583,0.14449488892696022,0.8478260869565215,0.9477611940298507,0
149,0.5,0.5,0.0,0.0,1.0,0.0,1.0,0.0,1.0,1.0,0.5069505041301414,0.2012772680408548,0.17281994175089946,0.3478260869565215,0.0,0
150,0.5,0.33333333333333337,1.0,0.0,1.0,0.0,1.0,0.0,1.0,1.0,0.5111800508485358,0.30640340011422723,0.27244303580606477,0.9130434782608696,0.9701492537313433,1
151,0.5,0.5,1.0,1.0,1.0,0.0,1.0,0.0,1.0,1.0,0.5122609867257882,0.26750680542060096,0.06962766261207241,0.8913043478260869,0.9626865671641791,1
152,0.5,0.6666666666666666,1.0,1.0,1.0,0.0,1.0,0.0,1.0,1.0,0.5167106214749622,0.32663051943717136,0.28661983895836907,0.8913043478260869,0.9626865671641791,0
153,0.5,0.5,1.0,0.0,1.0,0.0,1.0,0.0,1.0,1.0,0.5179327417183843,0.2259844680645903,0.07872194620524242,0.8695652173913042,0.9552238805970149,0
154,0.5,0.33333333333333337,1.0,0.0,1.0,0.0,1.0,0.0,1.0,1.0,0.5243108618208439,0.40325918453630427,0.41084175661013084,0.7391304347826084,0.9104477611940298,0
155,0.5,0.5,0.0,0.0,0.0,0.0,0.0,1.0,1.0,0.0,0.5301978287750583,0.45136071325258315,0.3792045000285535,0.17391304347826075,0.0,1
156,0.5,0.6666666666666666,0.0,1.0,0.0,0.0,0.0,1.0,1.0,0.0,0.5340426093087263,0.5391302412864656,0.24765861458511795,0.17391304347826075,0.0,0
157,0.5,0.5,0.0,0.0,0.0,0.0,0.0,1.0,1.0,0.0,0.5349200801182491,0.355046395537721,0.05652161498486666,0.8260869565217388,0.0,1
158,0.5,0.6666666666666666,0.0,1.0,0.0,0.0,0.0,1.0,1.0,0.0,0.5361280154332021,0.19845867422247607,0.07780823482382503,0.8260869565217388,0.0,0
159,0.5,0.5,1.0,0.0,0.0,0.0,0.0,1.0,1.0,0.0,0.5370436082379858,0.10043094816012581,0.05897721432242591,0.543478260869565,0.8432835820895522,1
160,0.5,0.6666666666666666,1.0,1.0,0.0,0.0,0.0,1.0,1.0,0.0,0.538587992325067,0.12274976079039304,0.09948032665181886,0.543478260869565,0.8432835820895522,1
161,0.6666666666666666,0.5,1.0,1.0,0.0,0.0,0.0,0.0,0.0,1.0,0.546051702734433,0.33210452532654894,0.4807692307692308,0.8260869565217388,0.9402985074626865,1
162,0.6666666666666666,0.6666666666666666,1.0,1.0,0.0,0.0,0.0,0.0,0.0,1.0,0.5480845802956714,0.36949539753298866,0.1309462623493804,0.9130434782608696,0.9701492537313433,0
163,0.6666666666666666,0.5,0.0,0.0,0.0,0.0,0.0,0.0,0.0,1.0,0.559790692514857,0.7095661590725343,0.7540403175147051,0.4565217391304346,0.0,0
164,0.6666666666666666,0.33333333333333337,1.0,0.0,0.0,0.0,0.0,0.0,0.0,1.0,0.56188961864928,0.5300291501939638,0.13520073096910515,0.8695652173913042,0.9552238805970149,1
165,0.6666666666666666,0.5,1.0,1.0,0.0,0.0,0.0,0.0,0.0,1.0,0.5658618418996634,0.5949309815382106,0.25586774027753983,0.9130434782608696,0.9701492537313433,1
166,0.6666666666666666,0.6666666666666666,1.0,1.0,0.0,0.0,0.0,0.0,0.0,1.0,0.568400057537616,0.28811962705553373,0.1634972303123751,0.8478260869565215,0.9477611940298507,0
167,0.6666666666666666,0.5,0.0,0.0,0.0,0.0,0.0,0.0,0.0,1.0,0.5702004352556644,0.27812845370459655,0.1159699617383359,0.5652173913043477,0.0,1
168,0.6666666666666666,0.6666666666666666,1.0,1.0,0.0,0.0,0.0,0.0,0.0,1.0,0.576258951188553,0.34794798952669875,0.39025469704757015,0.9130434782608696,0.9701492537313433,0
169,0.6666666666666666,0.5,1.0,0.0,0.0,0.0,0.0,0.0,0.0,1.0,0.5785263233485473,0.33888398519496515,0.1460510536234367,0.652173913043478,0.8805970149253731,0
170,0.6666666666666666,0.33333333333333337,0.0,0.0,0.0,0.0,0.0,0.0,0.0,1.0,0.5811551895449985,0.36661004754522736,0.16933641710924563,0.652173913043478,0.0,1
171,0.6666666666666666,0.5,1.0,1.0,0.0,0.0,0.0,0.0,0.0,1.0,0.5826616732763261,0.2142724690140114,0.09703900405459426,0.8913043478260869,0.9626865671641791,0
172,0.6666666666666666,0.33333333333333337,1.0,0.0,0.0,0.0,0.0,0.0,0.0,1.0,0.5863626097697365,0.2622479027436786,0.23839301010793218,0.8695652173913042,0.9552238805970149,0
173,0.5,0.5,0.0,0.0,0.0,1.0,1.0,0.0,1.0,0.0,0.5913993675738297,0.34283001654069534,0.3244389241048484,0.08695652173913038,0.0,1
174,0.5,0.6666666666666666,1.0,1.0,0.0,1.0,1.0,0.0,1.0,0.0,0.5937930742530028,0.372521677211669,0.1541887956141854,0.5652173913043477,0.8507462686567164,1
175,0.5,0.8333333333333333,1.0,1.0,0.0,1.0,1.0,0.0,1.0,0.0,0.6001933583061954,0.46285760909070683,0.41226943064359545,0.8478260869565215,0.9477611940298507,0
176,0.5,0.6666666666666666,0.0,0.0,0.0,1.0,1.0,0.0,1.0,0.0,0.6039002790663036,0.41835349616893763,0.23877848209696764,0.15217391304347805,0.0,0
177,0.5,0.5,0.0,0.0,0.0,1.0,1.0,0.0,1.0,0.0,0.6063562664470367,0.4204377721241072,0.1582005596482211,0.3478260869565215,0.0,1
178,0.5,0.6666666666666666,1.0,1.0,0.0,1.0,1.0,0.0,1.0,0.0,0.6081083267524868,0.2648810627582166,0.11285763234538292,0.7391304347826084,0.9104477611940298,1
179,0.6666666666666666,0.5,0.0,1.0,0.0,0.0,1.0,0.0,1.0,0.0,0.6103205106751559,0.214858439834148,0.14249614528010965,0.4347826086956519,0.0,1
180,0.6666666666666666,0.6666666666666666,1.0,1.0,0.0,0.0,1.0,0.0,1.0,0.0,0.6164594817492055,0.3381125805709878,0.3954371537890469,0.8913043478260869,0.9626865671641791,1
181,0.6666666666666666,0.8333333333333333,0.0,1.0,0.0,0.0,1.0,0.0,1.0,0.0,0.6209494548887136,0.4297391317247569,0.28921820569927476,0.3913043478260869,0.0,0
182,0.6666666666666666,0.6666666666666666,1.0,0.0,0.0,0.0,1.0,0.0,1.0,0.0,0.6236383853916514,0.4456938562072112,0.1732054137399349,0.8478260869565215,0.9477611940298507,1
183,0.6666666666666666,0.8333333333333333,1.0,1.0,0.0,0.0,1.0,0.0,1.0,0.0,0.6292270255689985,0.4272765708097524,0.35998800753811894,0.9782608695652173,0.9925373134328358,1
184,0.8333333333333333,0.5,1.0,1.0,0.0,1.0,1.0,1.0,1.0,0.0,0.6293566846807871,0.2813550018914248,0.008351893095768373,0.9130434782608696,0.9701492537313433,1
185,0.8333333333333333,0.6666666666666666,1.0,1.0,0.0,1.0,1.0,1.0,1.0,0.0,0.629780016139789,0.2055348281770374,0.027268574039175375,0.8478260869565215,0.9477611940298507,1
186,0.8333333333333333,0.8333333333333333,0.0,1.0,0.0,1.0,1.0,1.0,1.0,0.0,0.6355732295824024,0.21238104421483622,0.37316543886699793,0.3260869565217388,0.0,1
187,0.8333333333333333,1.0,0.0,1.0,0.0,1.0,1.0,1.0,1.0,0.0,0.6358117136922903,0.21602296412226765,0.015361772600079952,0.3260869565217388,0.0,0
188,0.8333333333333333,0.8333333333333333,1.0,0.0,0.0,1.0,1.0,1.0,1.0,0.0,0.6359841492289937,0.20762652148436053,0.011107303980355206,0.4130434782608696,0.7985074626865671,1
189,1.0,0.5,0.0,1.0,0.0,0.0,0.0,0.0,0.0,1.0,0.6399659029781922,0.14700450233275725,0.25648164011192964,0.4782608695652173,0.0,1
190,1.0,0.6666666666666666,1.0,1.0,0.0,0.0,0.0,0.0,0.0,1.0,0.640204165448573,0.14699708498060363,0.015347495859745304,0.7173913043478262,0.9029850746268656,0
191,1.0,0.5,0.0,0.0,0.0,0.0,0.0,0.0,0.0,1.0,0.641106681522424,0.1714298429746549,0.058134886642681745,0.4130434782608696,0.0,0
192,1.0,0.33333333333333337,0.0,0.0,0.0,0.0,0.0,0.0,0.0,1.0,0.644458979070803,0.15036456285835081,0.21593569756153277,0.3695652173913042,0.0,1
193,1.0,0.5,0.0,1.0,0.0,0.0,0.0,0.0,0.0,1.0,0.646308782398986,0.20429613036738145,0.11915367483296214,0.5,0.0,0
194,1.0,0.33333333333333337,1.0,0.0,0.0,0.0,0.0,0.0,0.0,1.0,0.6489423030250911,0.2622256506872177,0.1696362286562732,0.9565217391304346,0.9850746268656716,0
195,0.8333333333333333,0.5,1.0,0.0,0.0,1.0,1.0,0.0,0.0,0.0,0.6497517305058633,0.17712636942864138,0.052138655702130096,0.4130434782608696,0.7985074626865671,1
196,0.8333333333333333,0.6666666666666666,1.0,1.0,0.0,1.0,1.0,0.0,0.0,0.0,0.6527409825412344,0.21525897685044396,0.19255039689338133,0.6304347826086953,0.8731343283582089,1
197,0.8333333333333333,0.8333333333333333,0.0,1.0,0.0,1.0,1.0,0.0,0.0,0.0,0.6560562662918891,0.23807475207500428,0.21355148192564674,0.04347826086956519,0.0,1
198,0.8333333333333333,1.0,1.0,1.0,0.0,1.0,1.0,0.0,0.0,0.0,0.6562287018285925,0.21675728198547684,0.011107303980355206,0.4565217391304346,0.8134328358208955,1
199,1.0,0.5,1.0,1.0,0.0,0.0,1.0,0.0,0.0,0.0,0.657717676038841,0.16654922525756757,0.09591114156815717,0.8260869565217388,0.9402985074626865,0
200,1.0,0.33333333333333337,1.0,0.0,0.0,0.0,1.0,0.0,0.0,0.0,0.6594090071192826,0.11220228602793376,0.10894580549368969,0.6086956521739131,0.8656716417910447,1
201,1.0,0.5,1.0,1.0,0.0,0.0,1.0,0.0,0.0,0.0,0.6749335247707638,0.6259726003011445,1.0,0.6086956521739131,0.8656716417910447,0
202,1.0,0.33333333333333337,1.0,0.0,0.0,0.0,1.0,0.0,0.0,0.0,0.68445072521555,0.8946439300098651,0.6130432299697333,0.8478260869565215,0.9477611940298507,1
203,1.0,0.5,1.0,1.0,0.0,0.0,1.0,0.0,0.0,0.0,0.6892902238581188,1.0,0.3117326252070128,0.5652173913043477,0.8507462686567164,1
204,1.0,0.6666666666666666,1.0,1.0,0.0,0.0,1.0,0.0,0.0,0.0,0.689451799058963,0.4858662354712615,0.010407743703957513,0.8478260869565215,0.9477611940298507,0
205,1.0,0.5,1.0,0.0,0.0,0.0,1.0,0.0,0.0,0.0,0.689810190142317,0.17935899242688347,0.023085489121123865,0.5652173913043477,0.8507462686567164,0
206,1.0,0.33333333333333337,1.0,0.0,0.0,0.0,1.0,0.0,0.0,0.0,0.6900619726226448,0.02582722019893339,0.016218377020158756,0.7826086956521738,0.9253731343283582,0
207,0.8333333333333333,0.5,0.0,0.0,0.0,0.0,1.0,0.0,1.0,0.5,0.6916817141422185,0.0746259800176533,0.10433441836559877,0.19565217391304346,0.0,1
208,0.8333333333333333,0.6666666666666666,1.0,1.0,0.0,0.0,1.0,0.0,1.0,0.5,0.6944810211198069,0.15631327928556063,0.18031523042658903,0.4565217391304346,0.8134328358208955,1
209,0.8333333333333333,0.8333333333333333,0.0,1.0,0.0,0.0,1.0,0.0,1.0,0.5,0.6954205509913823,0.17932932301826898,0.06051910227856776,0.15217391304347805,0.0,1
210,0.8333333333333333,1.0,1.0,1.0,0.0,0.0,1.0,0.0,1.0,0.5,0.6972730139936535,0.18711754277957857,0.11932499571697791,0.5217391304347827,0.835820895522388,0
211,0.8333333333333333,0.8333333333333333,1.0,0.0,0.0,0.0,1.0,0.0,1.0,0.5,0.6998276309551488,0.17892878600197304,0.16455370909713896,0.8695652173913042,0.9552238805970149,1
212,0.5,0.5,0.0,1.0,1.0,0.0,0.0,0.0,0.0,0.0,0.7071246684550019,0.39168811517664426,0.4700331220375764,0.4782608695652173,0.0,1
213,0.5,0.6666666666666666,0.0,1.0,1.0,0.0,0.0,0.0,0.0,0.0,0.7108577426769752,0.45462434820017955,0.24046313745645595,0.21739130434782616,0.0,0
214,0.5,0.5,1.0,0.0,1.0,0.0,0.0,0.0,0.0,0.0,0.7128307775712344,0.43516121614905917,0.12709154245902576,0.4565217391304346,0.8134328358208955,0
215,0.5,0.33333333333333337,1.0,0.0,1.0,0.0,0.0,0.0,0.0,0.0,0.7144239223499284,0.24427565847543745,0.10262120952544115,0.8695652173913042,0.9552238805970149,0
216,0.5,0.16666666666666669,1.0,0.0,1.0,0.0,0.0,0.0,0.0,0.0,0.7146905546772474,0.12826827079269243,0.017174918622580096,0.8913043478260869,0.9626865671641791,0
217,0.33333333333333337,0.5,1.0,0.0,1.0,0.0,0.0,1.0,1.0,0.0,0.7202747620644477,0.24911918943175665,0.35970247273142597,0.7173913043478262,0.9029850746268656,1
218,0.33333333333333337,0.6666666666666666,0.0,1.0,1.0,0.0,0.0,1.0,1.0,0.0,0.7206169734637665,0.2072556538766791,0.022043287076694652,0.7173913043478262,0.0,0
219,0.33333333333333337,0.5,1.0,0.0,1.0,0.0,0.0,1.0,1.0,0.0,0.7234863185256716,0.29435762021673506,0.1848266803723374,0.8260869565217388,0.9402985074626865,0
220,0.33333333333333337,0.33333333333333337,1.0,0.0,1.0,0.0,0.0,1.0,1.0,0.0,0.7244176477354758,0.1386451464556183,0.05999086288618583,0.6304347826086953,0.8731343283582089,1
221,0.33333333333333337,0.5,0.0,1.0,1.0,0.0,0.0,1.0,1.0,0.0,0.7255393652820771,0.16473197397992864,0.07225458283364743,0.6304347826086953,0.0,0
222,0.33333333333333337,0.33333333333333337,0.0,0.0,1.0,0.0,0.0,1.0,1.0,0.0,0.7344138111556038,0.365697713230331,0.5716406829992576,0.10869565217391308,0.0,0
223,0.16666666666666669,0.5,1.0,0.0,1.0,0.0,1.0,0.0,0.0,1.0,0.7378113231634784,0.44823059064375204,0.21884815258980073,0.7826086956521738,0.9253731343283582,0
224,0.16666666666666669,0.33333333333333337,0.0,0.0,1.0,0.0,1.0,0.0,0.0,1.0,0.7392847826082138,0.4600019285115599,0.09491176974473188,0.543478260869565,0.0,1
225,0.16666666666666669,0.5,1.0,1.0,1.0,0.0,1.0,0.0,0.0,1.0,0.7433374609997582,0.2986374324093785,0.26105019701901666,0.5217391304347827,0.835820895522388,0
226,0.16666666666666669,0.33333333333333337,1.0,0.0,1.0,0.0,1.0,0.0,0.0,1.0,0.7466693677134626,0.2964418961719046,0.21462223745074524,0.8913043478260869,0.9626865671641791,0
227,0.16666666666666669,0.16666666666666669,1.0,0.0,1.0,0.0,1.0,0.0,0.0,1.0,0.7580071150714642,0.6265585711212812,0.7303123750785222,0.543478260869565,0.8432835820895522,1
228,0.16666666666666669,0.33333333333333337,0.0,1.0,1.0,0.0,1.0,0.0,0.0,1.0,0.7663937323893558,0.7715974751333269,0.5402175775227,0.4347826086956519,0.0,1
229,0.16666666666666669,0.5,1.0,1.0,1.0,0.0,1.0,0.0,0.0,1.0,0.7713469320991854,0.8258554061371172,0.31905659299868655,0.6304347826086953,0.8731343283582089,1
230,0.16666666666666669,0.6666666666666666,1.0,1.0,1.0,0.0,1.0,0.0,0.0,1.0,0.7759641263159014,0.6009464541348031,0.29741305465136203,0.9347826086956519,0.9776119402985074,0
231,0.16666666666666669,0.5,1.0,0.0,1.0,0.0,1.0,0.0,0.0,1.0,0.7801012493597389,0.45873356129328957,0.2664896350865171,0.8478260869565215,0.9477611940298507,0
232,0.16666666666666669,0.33333333333333337,1.0,0.0,1.0,0.0,1.0,0.0,0.0,1.0,0.7840393401259932,0.42476208842967245,0.25366912226600424,0.6739130434782608,0.8880597014925373,1
233,0.16666666666666669,0.5,1.0,1.0,1.0,0.0,1.0,0.0,0.0,1.0,0.7876458581892806,0.3909389626091278,0.2323111187253726,0.6739130434782608,0.8880597014925373,0
234,0.16666666666666669,0.33333333333333337,1.0,0.0,1.0,0.0,1.0,0.0,0.0,1.0,0.7920212437034987,0.3989126161742781,0.28183713094626234,0.8913043478260869,0.9626865671641791,1
235,0.16666666666666669,0.5,0.0,1.0,1.0,0.0,1.0,0.0,0.0,1.0,0.7956929237819412,0.389996958885617,0.23650848038375877,0.3695652173913042,0.0,1
236,0.16666666666666669,0.6666666666666666,1.0,1.0,1.0,0.0,1.0,0.0,0.0,1.0,0.7959178878818821,0.2768304170777116,0.014490891439666495,0.7173913043478262,0.9029850746268656,0
237,0.16666666666666669,0.5,0.0,0.0,1.0,0.0,1.0,0.0,0.0,1.0,0.803586614835529,0.387044852728473,0.4939752155787791,0.4782608695652173,0.0,0
238,0.16666666666666669,0.33333333333333337,1.0,0.0,1.0,0.0,1.0,0.0,0.0,1.0,0.8102721489346564,0.4879060073135092,0.43064359545428593,0.8695652173913042,0.9552238805970149,1
239,0.16666666666666669,0.5,1.0,1.0,1.0,0.0,1.0,0.0,0.0,1.0,0.8128688774025444,0.5672790927094846,0.16726628976072183,0.5652173913043477,0.8507462686567164,0
240,0.16666666666666669,0.33333333333333337,1.0,0.0,1.0,0.0,1.0,0.0,0.0,1.0,0.8154498694654121,0.39701377402294935,0.16625264119696193,0.6739130434782608,0.8880597014925373,0
241,0.0,0.5,1.0,0.0,1.0,0.0,1.0,1.0,1.0,1.0,0.8167440225487168,0.21658668288594335,0.08336188681400264,0.8913043478260869,0.9626865671641791,1
242,0.0,0.6666666666666666,1.0,1.0,1.0,0.0,1.0,1.0,1.0,1.0,0.8180089192170539,0.17201581379479156,0.08147735708982926,0.6304347826086953,0.8731343283582089,0
243,0.0,0.5,0.0,0.0,1.0,0.0,1.0,1.0,1.0,1.0,0.8183453679891821,0.09690028853499878,0.021672091827993834,0.6304347826086953,0.0,0
244,0.0,0.33333333333333337,1.0,0.0,1.0,0.0,1.0,1.0,1.0,1.0,0.8206539650975402,0.13084950934215503,0.14870652732568101,0.5217391304347827,0.835820895522388,0
245,0.0,0.16666666666666669,0.0,0.0,1.0,0.0,1.0,1.0,1.0,1.0,0.8221057038705571,0.13710233720766363,0.0935126491919365,0.8260869565217388,0.0,1
246,0.0,0.33333333333333337,1.0,1.0,1.0,0.0,1.0,1.0,1.0,1.0,0.8261295691261484,0.260504824987576,0.2591942207755126,0.4782608695652173,0.8208955223880597,1
247,0.0,0.5,0.0,1.0,1.0,0.0,1.0,1.0,1.0,1.0,0.8281744152207828,0.25167817592475844,0.13171720632745135,0.5,0.0,1
248,0.0,0.6666666666666666,0.0,1.0,1.0,0.0,1.0,1.0,1.0,1.0,0.8334911037226349,0.3810219627797269,0.3424704471475073,0.04347826086956519,0.0,1
249,0.16666666666666669,0.5,1.0,1.0,1.0,0.0,0.0,0.0,1.0,0.0,0.8366051388006333,0.3505737321890831,0.20058820170178746,0.543478260869565,0.8432835820895522,0
250,0.16666666666666669,0.33333333333333337,1.0,0.0,1.0,0.0,0.0,0.0,1.0,0.0,0.8390533687986097,0.36407331310868646,0.15770087373650848,0.8913043478260869,0.9626865671641791,1
251,0.16666666666666669,0.5,0.0,1.0,1.0,0.0,0.0,0.0,1.0,0.0,0.8419756857027667,0.28394365779304104,0.18823882131231798,0.23913043478260843,0.0,0
252,0.16666666666666669,0.33333333333333337,1.0,0.0,1.0,0.0,0.0,0.0,1.0,0.0,0.8456014864031919,0.3010703239157686,0.23355319513448694,0.7608695652173911,0.917910447761194,0
253,0.16666666666666669,0.16666666666666669,1.0,0.0,1.0,0.0,0.0,0.0,1.0,0.0,0.8483303120174492,0.3104606917422619,0.1757752270001713,0.8695652173913042,0.9552238805970149,1
254,0.16666666666666669,0.33333333333333337,1.0,1.0,1.0,0.0,0.0,0.0,1.0,0.0,0.8529022917746696,0.3656680438217165,0.29450059962309405,0.9347826086956519,0.9776119402985074,1
255,0.16666666666666669,0.5,1.0,1.0,1.0,0.0,0.0,0.0,1.0,0.0,0.8557836053699706,0.3407531579376794,0.18559762435040833,0.9347826086956519,0.9776119402985074,0
256,0.16666666666666669,0.33333333333333337,1.0,0.0,1.0,0.0,0.0,0.0,1.0,0.0,0.8561969630511426,0.26326407998872564,0.02662612072411627,0.6086956521739131,0.8656716417910447,0
257,0.0,0.5,0.0,0.0,1.0,1.0,1.0,1.0,1.0,1.0,0.8577918809458954,0.16363420586119168,0.10273542344811833,0.6086956521739131,0.0,0
258,0.0,0.33333333333333337,0.0,0.0,1.0,1.0,1.0,1.0,1.0,1.0,0.8619070616785071,0.20492660530043985,0.265076237793387,0.08695652173913038,0.0,1
259,0.0,0.5,1.0,1.0,1.0,1.0,1.0,1.0,1.0,1.0,0.8624194922194559,0.20824216171311166,0.03300782365370339,0.543478260869565,0.8432835820895522,1
260,0.0,0.6666666666666666,1.0,1.0,1.0,1.0,1.0,1.0,1.0,1.0,0.8670138575669168,0.3086211884081621,0.2959425503968934,0.543478260869565,0.8432835820895522,1
261,0.0,0.8333333333333333,1.0,1.0,1.0,1.0,1.0,1.0,1.0,1.0,0.8670138575669168,0.17090321097174732,0.0,0.9347826086956519,0.9776119402985074,1
262,0.16666666666666669,0.5,1.0,1.0,1.0,0.0,0.0,0.0,0.0,0.0,0.8816533686656259,0.643677819891855,0.9429929758437554,0.8260869565217388,0.9402985074626865,1
263,0.16666666666666669,0.6666666666666666,0.0,1.0,1.0,0.0,0.0,0.0,0.0,0.0,0.8828524384002857,0.5300514022504247,0.07723716521043916,0.8260869565217388,0.0,1
264,0.16666666666666669,0.8333333333333333,1.0,1.0,1.0,0.0,0.0,0.0,0.0,0.0,0.8842828997805989,0.577922993049941,0.09214208211981041,0.8913043478260869,0.9626865671641791,0
265,0.16666666666666669,0.6666666666666666,1.0,0.0,1.0,0.0,0.0,0.0,0.0,0.0,0.8855141072438217,0.12920285716404958,0.07930729255896293,0.8913043478260869,0.9626865671641791,1
266,0.16666666666666669,0.8333333333333333,1.0,1.0,1.0,0.0,0.0,0.0,0.0,0.0,0.8881835334701144,0.17840957135121904,0.171949060590486,0.8913043478260869,0.9626865671641791,0
267,0.16666666666666669,0.6666666666666666,1.0,0.0,1.0,0.0,0.0,0.0,0.0,0.0,0.8906497162681847,0.21307085796512362,0.1588572897036149,0.8913043478260869,0.9626865671641791,1
268,0.33333333333333337,0.5,1.0,1.0,1.0,0.0,1.0,1.0,1.0,0.0,0.897136883008251,0.3889659469362627,0.417865912854777,0.7608695652173911,0.917910447761194,1
269,0.33333333333333337,0.6666666666666666,0.0,1.0,1.0,0.0,1.0,1.0,1.0,0.0,0.8982827592611514,0.3379790682322225,0.07381074753012393,0.04347826086956519,0.0,1
270,0.33333333333333337,0.8333333333333333,0.0,1.0,1.0,0.0,1.0,1.0,1.0,0.0,0.8993690144865798,0.2917986337237333,0.06997030438010393,0.04347826086956519,0.0,0
271,0.33333333333333337,0.6666666666666666,1.0,0.0,1.0,0.0,1.0,1.0,1.0,0.0,0.8999361899858395,0.09368115770032413,0.03653417851636115,0.543478260869565,0.8432835820895522,1
272,0.33333333333333337,0.8333333333333333,1.0,1.0,1.0,0.0,1.0,1.0,1.0,0.0,0.9009466444997607,0.08914915553445732,0.06508765918565473,0.5869565217391304,0.8582089552238806,1
273,0.5,0.5,1.0,1.0,1.0,0.0,0.0,0.0,1.0,0.0,0.9024888121917687,0.10440664891447052,0.0993375592484724,0.4347826086956519,0.8059701492537313,0
274,0.5,0.33333333333333337,1.0,0.0,1.0,0.0,0.0,0.0,1.0,0.0,0.9072700196439095,0.24543276541140344,0.3079778424990006,0.7173913043478262,0.9029850746268656,1
275,0.5,0.5,1.0,1.0,1.0,0.0,0.0,0.0,1.0,0.0,0.9076680841990759,0.22493862141092874,0.025641025641025644,0.4782608695652173,0.8208955223880597,0
276,0.5,0.33333333333333337,1.0,0.0,1.0,0.0,0.0,0.0,1.0,0.0,0.9108599147441472,0.2801459734903834,0.20559933755924847,0.4782608695652173,0.8208955223880597,0
277,0.5,0.16666666666666669,0.0,0.0,1.0,0.0,0.0,0.0,1.0,0.0,0.917076902924777,0.3281955807415869,0.4004625663868426,0.3695652173913042,0.0,0
278,0.33333333333333337,0.5,0.0,0.0,1.0,0.0,1.0,0.0,1.0,0.5,0.9188894708157288,0.37553312218604207,0.11675518245674149,0.28260869565217384,0.0,1
279,0.33333333333333337,0.6666666666666666,0.0,1.0,1.0,0.0,1.0,0.0,1.0,0.5,0.9209870671131076,0.33891365460357964,0.13511507052709726,0.08695652173913038,0.0,1
280,0.33333333333333337,0.8333333333333333,1.0,1.0,1.0,0.0,1.0,0.0,1.0,0.5,0.9244603798324892,0.24709425229381618,0.2237307977842499,0.7826086956521738,0.9253731343283582,0
281,0.33333333333333337,0.6666666666666666,1.0,0.0,1.0,0.0,1.0,0.0,1.0,0.5,0.9322645285251154,0.44760753306284723,0.5026983039232482,0.7173913043478262,0.9029850746268656,1
282,0.33333333333333337,0.8333333333333333,1.0,1.0,1.0,0.0,1.0,0.0,1.0,0.5,0.933661743979329,0.4241687002573821,0.0900005710696134,0.5869565217391304,0.8582089552238806,0
283,0.33333333333333337,0.6666666666666666,0.0,0.0,1.0,0.0,1.0,0.0,1.0,0.5,0.9377341482870257,0.4442178031286391,0.26232082690880015,0.15217391304347805,0.0,0
284,0.33333333333333337,0.5,1.0,0.0,1.0,0.0,1.0,0.0,1.0,0.5,0.9397479648506338,0.2504394781151025,0.12971846268060078,0.8913043478260869,0.9626865671641791,1
285,0.33333333333333337,0.6666666666666666,1.0,1.0,1.0,0.0,1.0,0.0,1.0,0.5,0.9406037149884381,0.23231888680378882,0.055122494432071276,0.543478260869565,0.8432835820895522,1
286,0.5,0.5,1.0,1.0,1.0,0.0,1.0,0.0,0.0,1.0,0.9438620373857088,0.20507495234351245,0.20988235965964253,0.8043478260869565,0.9328358208955224,0
287,0.5,0.33333333333333337,0.0,0.0,1.0,0.0,1.0,0.0,0.0,1.0,0.9462615066920724,0.2179811450908255,0.15455999086288622,0.08695652173913038,0.0,1
288,0.5,0.5,1.0,1.0,1.0,0.0,1.0,0.0,0.0,1.0,0.9520389837296653,0.3826908670142933,0.372151790303238,0.9130434782608696,0.9701492537313433,0
289,0.5,0.33333333333333337,1.0,0.0,1.0,0.0,1.0,0.0,0.0,1.0,0.9558775583571281,0.40210949495249193,0.24725886585574783,0.543478260869565,0.8432835820895522,1
290,0.5,0.5,0.0,1.0,1.0,0.0,1.0,0.0,0.0,1.0,0.9629214835396096,0.5575401093317708,0.4537290845754097,0.543478260869565,0.0,1
291,0.5,0.6666666666666666,0.0,1.0,1.0,0.0,1.0,0.0,0.0,1.0,0.9643430793396295,0.41176688745651574,0.09157101250642453,0.4347826086956519,0.0,1
292,0.6666666666666666,0.5,0.0,1.0,1.0,0.0,1.0,0.0,1.0,0.5,0.9723407193221554,0.5509535006193489,0.5151618982353949,0.5217391304347827,0.0,0
293,0.6666666666666666,0.33333333333333337,1.0,0.0,1.0,0.0,1.0,0.0,1.0,0.5,0.9760188269463107,0.4383135908143511,0.23692250585346353,0.6956521739130435,0.8955223880597015,1
294,0.6666666666666666,0.5,0.0,1.0,1.0,0.0,1.0,0.0,1.0,0.5,0.9821631173685361,0.5963625305038608,0.39577979555707843,0.3478260869565215,0.0,1
295,0.6666666666666666,0.6666666666666666,1.0,1.0,1.0,0.0,1.0,0.0,1.0,0.5,0.9843892645801671,0.4032146804233825,0.1433955799211924,0.9130434782608696,0.9701492537313433,0
296,0.6666666666666666,0.5,1.0,0.0,1.0,0.0,1.0,0.0,1.0,0.5,0.9959850003247018,0.6681847514074426,0.7469305008280509,0.543478260869565,0.8432835820895522,0
297,0.6666666666666666,0.33333333333333337,1.0,0.0,1.0,0.0,1.0,0.0,1.0,0.5,0.9964406911517741,0.4778109910324212,0.02935297812803381,0.8913043478260869,0.9626865671641791,1
298,0.6666666666666666,0.5,1.0,1.0,1.0,0.0,1.0,0.0,1.0,0.5,0.9991650839758847,0.49448519867377744,0.1754896921934784,0.8695652173913042,0.9552238805970149,1
299,0.6666666666666666,0.6666666666666666,1.0,1.0,1.0,0.0,1.0,0.0,1.0,0.5,0.9999999999999999,0.1343653342629748,0.05378048084061447,0.6086956521739131,0.8656716417910447,1
